timestamp,actual_x,actual_y,actual_theta,target_id,target_name,target_type,target_info,planned_x,planned_y,planned_theta,error_distance,error_angle,cur_ie,cur_ir
2025-05-02 11:00:17,-0.509782,-0.436732,169.813,N_237082,LOC_3,GOAL,,-0.515105,-0.421036,169.216,0.0165743,0.597339,0.0270863,0.982568
2025-05-02 11:00:28,-2.81275,-0.0861712,171.148,N_225283,LOC_2,GOAL,BQR_CODE_NUM,-1
,-2.84766,-0.0776157,170.447,0.0359431,0.700719,0.0454503,1
2025-05-02 11:00:57,-0.493603,-0.41788,168.583,N_237082,LOC_3,GOAL,,-0.515105,-0.421036,169.216,0.0217322,0.633,0.027979,0.994755
2025-05-02 11:01:09,-2.79899,-0.0982439,170.798,N_225283,LOC_2,GOAL,BQR_CODE_NUM,-1
,-2.84766,-0.0776157,170.447,0.05286,0.350593,0.0449477,0.999426
2025-05-02 11:01:38,-0.489592,-0.414798,168.607,N_237082,LOC_3,GOAL,,-0.515105,-0.421036,169.216,0.0262639,0.608914,0.0268367,0.97722
2025-05-02 11:01:50,-2.79872,-0.0987163,170.835,N_225283,LOC_2,GOAL,BQR_CODE_NUM,-1
,-2.84766,-0.0776157,170.447,0.0532938,0.387519,0.045816,0.994179
2025-05-02 11:02:20,-0.484035,-0.414635,168.604,N_237082,LOC_3,GOAL,,-0.515105,-0.421036,169.216,0.0317221,0.611413,0.0262217,0.977113
2025-05-02 11:02:32,-2.79397,-0.0902583,170.97,N_225283,LOC_2,GOAL,BQR_CODE_NUM,-1
,-2.84766,-0.0776157,170.447,0.0551616,0.522059,0.0454627,0.993556
2025-05-02 11:03:01,-0.485072,-0.419586,168.598,N_237082,LOC_3,GOAL,,-0.515105,-0.421036,169.216,0.030068,0.618114,0.0276797,0.970035
2025-05-02 11:03:13,-2.78896,-0.0894255,170.95,N_225283,LOC_2,GOAL,BQR_CODE_NUM,-1
,-2.84766,-0.0776157,170.447,0.0598759,0.50303,0.0463513,0.972302
2025-05-02 11:03:43,-0.491318,-0.420981,168.575,N_237082,LOC_3,GOAL,,-0.515105,-0.421036,169.216,0.0237867,0.640705,0.0294594,0.917201
2025-05-02 11:03:55,-2.79692,-0.0893038,170.967,N_225283,LOC_2,GOAL,BQR_CODE_NUM,-1
,-2.84766,-0.0776157,170.447,0.0520655,0.519916,0.0474531,0.974742
2025-05-02 11:04:24,-0.50125,-0.418137,168.47,N_237082,LOC_3,GOAL,,-0.515105,-0.421036,169.216,0.0141544,0.745423,0.0306931,0.929281
2025-05-02 11:04:36,-2.81972,-0.0851321,170.907,N_225283,LOC_2,GOAL,BQR_CODE_NUM,-1
,-2.84766,-0.0776157,170.447,0.0289271,0.459551,0.0463792,0.977011
2025-05-02 11:05:04,-0.496134,-0.421436,168.567,N_237082,LOC_3,GOAL,,-0.515105,-0.421036,169.216,0.0189745,0.64843,0.0301378,0.920728
2025-05-02 11:05:17,-2.80807,-0.0849704,170.899,N_225283,LOC_2,GOAL,BQR_CODE_NUM,-1
,-2.84766,-0.0776157,170.447,0.0402627,0.451352,0.046212,0.97052
2025-05-02 11:05:45,-0.496703,-0.41982,168.524,N_237082,LOC_3,GOAL,,-0.515105,-0.421036,169.216,0.018442,0.691807,0.0275947,0.928158
2025-05-02 11:06:00,-2.80574,-0.0877793,171.045,N_225283,LOC_2,GOAL,BQR_CODE_NUM,-1
,-2.84766,-0.0776157,170.447,0.0431371,0.597277,0.0451206,0.977714
2025-05-02 11:06:28,-0.503992,-0.417459,168.623,N_237082,LOC_3,GOAL,,-0.515105,-0.421036,169.216,0.0116736,0.592523,0.0274437,0.925861
2025-05-02 11:06:41,-2.81373,-0.085199,171.028,N_225283,LOC_2,GOAL,BQR_CODE_NUM,-1
,-2.84766,-0.0776157,170.447,0.0347701,0.580371,0.0466663,0.974727
2025-05-02 11:07:09,-0.49688,-0.421211,168.664,N_237082,LOC_3,GOAL,,-0.515105,-0.421036,169.216,0.018226,0.552016,0.0298541,0.930619
2025-05-02 11:07:22,-2.81114,-0.0877525,171.031,N_225283,LOC_2,GOAL,BQR_CODE_NUM,-1
,-2.84766,-0.0776157,170.447,0.0379003,0.583715,0.0470109,0.975904
2025-05-02 11:07:50,-0.497565,-0.420976,168.67,N_237082,LOC_3,GOAL,,-0.515105,-0.421036,169.216,0.0175399,0.545891,0.0299446,0.931922
2025-05-02 11:08:03,-2.80525,-0.0882325,171.042,N_225283,LOC_2,GOAL,BQR_CODE_NUM,-1
,-2.84766,-0.0776157,170.447,0.0437207,0.594252,0.0465543,0.977638
2025-05-02 11:08:31,-0.497931,-0.422573,168.646,N_237082,LOC_3,GOAL,,-0.515105,-0.421036,169.216,0.017242,0.569553,0.0288342,0.931034
2025-05-02 11:08:44,-2.81432,-0.0824518,171.053,N_225283,LOC_2,GOAL,BQR_CODE_NUM,-1
,-2.84766,-0.0776157,170.447,0.0336883,0.605258,0.0476151,0.957275
2025-05-02 11:09:12,-0.503288,-0.420241,168.685,N_237082,LOC_3,GOAL,,-0.515105,-0.421036,169.216,0.0118431,0.53065,0.0287146,0.930475
2025-05-02 11:09:25,-2.81541,-0.083285,171.075,N_225283,LOC_2,GOAL,BQR_CODE_NUM,-1
,-2.84766,-0.0776157,170.447,0.0327384,0.627907,0.0477783,0.946305
2025-05-02 11:09:53,-0.508226,-0.419798,168.536,N_237082,LOC_3,GOAL,,-0.515105,-0.421036,169.216,0.00698871,0.679713,0.0279293,0.921911
2025-05-02 11:10:06,-2.80922,-0.0846991,171.007,N_225283,LOC_2,GOAL,BQR_CODE_NUM,-1
,-2.84766,-0.0776157,170.447,0.0390868,0.559948,0.0492647,0.937464
2025-05-02 11:10:34,-0.509319,-0.419524,168.65,N_237082,LOC_3,GOAL,,-0.515105,-0.421036,169.216,0.0059801,0.56553,0.0292562,0.923478
2025-05-02 11:10:47,-2.81269,-0.0823402,170.967,N_225283,LOC_2,GOAL,BQR_CODE_NUM,-1
,-2.84766,-0.0776157,170.447,0.0352836,0.519203,0.0486501,0.938002
2025-05-02 11:11:15,-0.508353,-0.419848,168.487,N_237082,LOC_3,GOAL,,-0.515105,-0.421036,169.216,0.0068551,0.728396,0.0290748,0.923077
2025-05-02 11:11:28,-2.81402,-0.0841302,171.006,N_225283,LOC_2,GOAL,BQR_CODE_NUM,-1
,-2.84766,-0.0776157,170.447,0.0342659,0.558427,0.0489432,0.937103
2025-05-02 11:11:56,-0.502629,-0.42079,168.616,N_237082,LOC_3,GOAL,,-0.515105,-0.421036,169.216,0.012478,0.599296,0.0282026,0.922762
2025-05-02 11:12:09,-2.81088,-0.0852719,171.02,N_225283,LOC_2,GOAL,BQR_CODE_NUM,-1
,-2.84766,-0.0776157,170.447,0.0375641,0.572869,0.0486077,0.936563
2025-05-02 11:12:37,-0.504141,-0.421158,168.625,N_237082,LOC_3,GOAL,,-0.515105,-0.421036,169.216,0.010964,0.590845,0.0283638,0.922494
2025-05-02 11:12:50,-2.80978,-0.0849145,171.069,N_225283,LOC_2,GOAL,BQR_CODE_NUM,-1
,-2.84766,-0.0776157,170.447,0.0385709,0.621758,0.0470626,0.937248
2025-05-02 11:13:18,-0.507285,-0.41908,168.552,N_237082,LOC_3,GOAL,,-0.515105,-0.421036,169.216,0.0080601,0.663896,0.0272838,0.925538
2025-05-02 11:13:31,-2.81033,-0.0862527,171.126,N_225283,LOC_2,GOAL,BQR_CODE_NUM,-1
,-2.84766,-0.0776157,170.447,0.0383157,0.678785,0.0471392,0.933562
2025-05-02 11:13:59,-0.504622,-0.418724,168.587,N_237082,LOC_3,GOAL,,-0.515105,-0.421036,169.216,0.0107344,0.628434,0.0277016,0.925797
2025-05-02 11:14:12,-2.80998,-0.0834488,171.034,N_225283,LOC_2,GOAL,BQR_CODE_NUM,-1
,-2.84766,-0.0776157,170.447,0.0381228,0.586069,0.0480188,0.942319
2025-05-02 11:14:40,-0.504998,-0.421168,168.568,N_237082,LOC_3,GOAL,,-0.515105,-0.421036,169.216,0.0101078,0.647621,0.0311665,0.89866
2025-05-02 11:14:53,-2.81234,-0.0843342,171.051,N_225283,LOC_2,GOAL,BQR_CODE_NUM,-1
,-2.84766,-0.0776157,170.447,0.0359515,0.603875,0.0483206,0.947608
2025-05-02 11:15:21,-0.506697,-0.422463,168.658,N_237082,LOC_3,GOAL,,-0.515105,-0.421036,169.216,0.00852805,0.557715,0.0338076,0.925416
2025-05-02 11:15:34,-2.80962,-0.0855735,171.15,N_225283,LOC_2,GOAL,BQR_CODE_NUM,-1
,-2.84766,-0.0776157,170.447,0.0388574,0.702911,0.0509078,0.928856
2025-05-02 11:16:02,-0.503375,-0.422756,168.63,N_237082,LOC_3,GOAL,,-0.515105,-0.421036,169.216,0.0118552,0.585272,0.0344876,0.925714
2025-05-02 11:16:15,-2.81322,-0.0833942,171.049,N_225283,LOC_2,GOAL,BQR_CODE_NUM,-1
,-2.84766,-0.0776157,170.447,0.0349216,0.601353,0.0486381,0.929594
2025-05-02 11:16:43,-0.506895,-0.420172,168.67,N_237082,LOC_3,GOAL,,-0.515105,-0.421036,169.216,0.00825483,0.546012,0.0288937,0.926505
2025-05-02 11:16:56,-2.8129,-0.0884823,171.033,N_225283,LOC_2,GOAL,BQR_CODE_NUM,-1
,-2.84766,-0.0776157,170.447,0.036419,0.58534,0.0504545,0.934493
2025-05-02 11:17:24,-0.506185,-0.41906,168.658,N_237082,LOC_3,GOAL,,-0.515105,-0.421036,169.216,0.0091361,0.557846,0.0290582,0.926957
2025-05-02 11:17:37,-2.81136,-0.0878065,171.045,N_225283,LOC_2,GOAL,BQR_CODE_NUM,-1
,-2.84766,-0.0776157,170.447,0.0376994,0.598001,0.0499057,0.935277
2025-05-02 11:18:05,-0.502463,-0.420851,168.637,N_237082,LOC_3,GOAL,,-0.515105,-0.421036,169.216,0.0126427,0.579014,0.0284716,0.92612
2025-05-02 11:18:18,-2.81567,-0.0886446,171.08,N_225283,LOC_2,GOAL,BQR_CODE_NUM,-1
,-2.84766,-0.0776157,170.447,0.0338358,0.632516,0.0483283,0.92
2025-05-02 11:18:46,-0.504644,-0.419455,168.66,N_237082,LOC_3,GOAL,,-0.515105,-0.421036,169.216,0.0105799,0.556074,0.0290037,0.925321
2025-05-02 11:18:59,-2.80991,-0.0882484,171.161,N_225283,LOC_2,GOAL,BQR_CODE_NUM,-1
,-2.84766,-0.0776157,170.447,0.0392161,0.713139,0.0492879,0.941748
2025-05-02 11:19:27,-0.505986,-0.417446,168.595,N_237082,LOC_3,GOAL,,-0.515105,-0.421036,169.216,0.00979969,0.620291,0.0288401,0.925087
2025-05-02 11:19:40,-2.81335,-0.0869646,171.059,N_225283,LOC_2,GOAL,BQR_CODE_NUM,-1
,-2.84766,-0.0776157,170.447,0.0355614,0.611999,0.048518,0.929021
2025-05-02 11:20:09,-0.511085,-0.419245,168.659,N_237082,LOC_3,GOAL,,-0.515105,-0.421036,169.216,0.00440018,0.556569,0.0288536,0.925711
2025-05-02 11:20:22,-2.8133,-0.086731,171.074,N_225283,LOC_2,GOAL,BQR_CODE_NUM,-1
,-2.84766,-0.0776157,170.447,0.0355446,0.626346,0.0484445,0.930857
2025-05-02 11:20:50,-0.501133,-0.420784,168.504,N_237082,LOC_3,GOAL,,-0.515105,-0.421036,169.216,0.0139735,0.711418,0.0310437,0.924669
2025-05-02 11:21:03,-2.80983,-0.0876409,171.142,N_225283,LOC_2,GOAL,BQR_CODE_NUM,-1
,-2.84766,-0.0776157,170.447,0.0391323,0.694747,0.0487939,0.928531
2025-05-02 11:21:31,-0.504638,-0.422444,168.65,N_237082,LOC_3,GOAL,,-0.515105,-0.421036,169.216,0.0105606,0.565533,0.0298755,0.923607
2025-05-02 11:21:44,-2.81004,-0.0845823,171.217,N_225283,LOC_2,GOAL,BQR_CODE_NUM,-1
,-2.84766,-0.0776157,170.447,0.0382619,0.769647,0.0489785,0.926563
2025-05-02 11:22:12,-0.504078,-0.420407,168.682,N_237082,LOC_3,GOAL,,-0.515105,-0.421036,169.216,0.0110443,0.53399,0.0291611,0.926872
2025-05-02 11:22:25,-2.81116,-0.0848854,171.166,N_225283,LOC_2,GOAL,BQR_CODE_NUM,-1
,-2.84766,-0.0776157,170.447,0.0372123,0.718331,0.0480677,0.958763
2025-05-02 11:22:53,-0.504089,-0.420959,168.68,N_237082,LOC_3,GOAL,,-0.515105,-0.421036,169.216,0.0110156,0.536108,0.028893,0.927536
2025-05-02 11:23:06,-2.81113,-0.0849161,171.263,N_225283,LOC_2,GOAL,BQR_CODE_NUM,-1
,-2.84766,-0.0776157,170.447,0.0372515,0.815283,0.0482105,0.958142
2025-05-02 11:23:34,-0.508491,-0.420037,168.619,N_237082,LOC_3,GOAL,,-0.515105,-0.421036,169.216,0.0066882,0.59667,0.0288915,0.927252
2025-05-02 11:23:47,-2.81501,-0.0855533,171.164,N_225283,LOC_2,GOAL,BQR_CODE_NUM,-1
,-2.84766,-0.0776157,170.447,0.0335952,0.716475,0.047882,0.960185
2025-05-02 11:24:15,-0.504714,-0.420087,168.664,N_237082,LOC_3,GOAL,,-0.515105,-0.421036,169.216,0.0104342,0.5518,0.0291037,0.915888
2025-05-02 11:24:28,-2.81008,-0.085909,171.159,N_225283,LOC_2,GOAL,BQR_CODE_NUM,-1
,-2.84766,-0.0776157,170.447,0.0384823,0.711971,0.0481968,0.958118
2025-05-02 11:24:56,-0.504509,-0.419217,168.639,N_237082,LOC_3,GOAL,,-0.515105,-0.421036,169.216,0.0107508,0.576643,0.0288055,0.926872
2025-05-02 11:25:09,-2.81165,-0.081839,171.101,N_225283,LOC_2,GOAL,BQR_CODE_NUM,-1
,-2.84766,-0.0776157,170.447,0.0362555,0.653107,0.0486437,0.939586
2025-05-02 11:25:37,-0.503734,-0.420999,168.684,N_237082,LOC_3,GOAL,,-0.515105,-0.421036,169.216,0.0113704,0.531224,0.0289256,0.926872
2025-05-02 11:25:50,-2.8114,-0.0835415,171.269,N_225283,LOC_2,GOAL,BQR_CODE_NUM,-1
,-2.84766,-0.0776157,170.447,0.0367407,0.821111,0.0489288,0.932301
2025-05-02 11:26:18,-0.507578,-0.419551,168.67,N_237082,LOC_3,GOAL,,-0.515105,-0.421036,169.216,0.00767188,0.545875,0.0288993,0.926547
2025-05-02 11:26:31,-2.81614,-0.0818612,171.087,N_225283,LOC_2,GOAL,BQR_CODE_NUM,-1
,-2.84766,-0.0776157,170.447,0.031801,0.639345,0.0488822,0.922989
2025-05-02 11:26:59,-0.506167,-0.421528,168.681,N_237082,LOC_3,GOAL,,-0.515105,-0.421036,169.216,0.00895136,0.534497,0.0293066,0.927787
2025-05-02 11:27:12,-2.81599,-0.0846635,171.146,N_225283,LOC_2,GOAL,BQR_CODE_NUM,-1
,-2.84766,-0.0776157,170.447,0.032447,0.698313,0.0497278,0.92366
2025-05-02 11:27:40,-0.511153,-0.418312,168.664,N_237082,LOC_3,GOAL,,-0.515105,-0.421036,169.216,0.00479937,0.551876,0.0287624,0.916763
2025-05-02 11:27:53,-2.81975,-0.0866762,171.076,N_225283,LOC_2,GOAL,BQR_CODE_NUM,-1
,-2.84766,-0.0776157,170.447,0.0293395,0.628098,0.0496897,0.933178
2025-05-02 11:28:21,-0.50915,-0.415717,168.599,N_237082,LOC_3,GOAL,,-0.515105,-0.421036,169.216,0.00798383,0.616571,0.0313693,0.919327
2025-05-02 11:28:34,-2.81037,-0.0835404,171.083,N_225283,LOC_2,GOAL,BQR_CODE_NUM,-1
,-2.84766,-0.0776157,170.447,0.0377544,0.635909,0.0480604,0.947126
2025-05-02 11:29:02,-0.507514,-0.416282,168.503,N_237082,LOC_3,GOAL,,-0.515105,-0.421036,169.216,0.00895662,0.712334,0.028439,0.8979
2025-05-02 11:29:15,-2.81249,-0.0829888,171.094,N_225283,LOC_2,GOAL,BQR_CODE_NUM,-1
,-2.84766,-0.0776157,170.447,0.0355763,0.646806,0.0480645,0.947851
2025-05-02 11:29:43,-0.511506,-0.414914,168.671,N_237082,LOC_3,GOAL,,-0.515105,-0.421036,169.216,0.00710067,0.544619,0.0315107,0.911392
2025-05-02 11:29:56,-2.80811,-0.0855699,170.993,N_225283,LOC_2,GOAL,BQR_CODE_NUM,-1
,-2.84766,-0.0776157,170.447,0.040337,0.545451,0.0486968,0.945853
2025-05-02 11:30:24,-0.513099,-0.416043,168.517,N_237082,LOC_3,GOAL,,-0.515105,-0.421036,169.216,0.00538025,0.698269,0.032532,0.915166
2025-05-02 11:30:37,-2.80935,-0.0857605,170.984,N_225283,LOC_2,GOAL,BQR_CODE_NUM,-1
,-2.84766,-0.0776157,170.447,0.0391603,0.536675,0.0494949,0.942263
2025-05-02 11:31:05,-0.509878,-0.414232,168.484,N_237082,LOC_3,GOAL,,-0.515105,-0.421036,169.216,0.00857981,0.73129,0.0322239,0.907719
2025-05-02 11:31:18,-2.80355,-0.0879175,171.021,N_225283,LOC_2,GOAL,BQR_CODE_NUM,-1
,-2.84766,-0.0776157,170.447,0.0452929,0.573459,0.0488174,0.951835
2025-05-02 11:31:46,-0.505386,-0.41578,168.539,N_237082,LOC_3,GOAL,,-0.515105,-0.421036,169.216,0.0110487,0.676308,0.032458,0.909196
2025-05-02 11:31:59,-2.80684,-0.0916319,171.008,N_225283,LOC_2,GOAL,BQR_CODE_NUM,-1
,-2.84766,-0.0776157,170.447,0.043159,0.560612,0.0493432,0.915558
2025-05-02 11:32:27,-0.511713,-0.412323,168.541,N_237082,LOC_3,GOAL,,-0.515105,-0.421036,169.216,0.0093492,0.674839,0.032696,0.901327
2025-05-02 11:32:40,-2.80519,-0.0882626,170.992,N_225283,LOC_2,GOAL,BQR_CODE_NUM,-1
,-2.84766,-0.0776157,170.447,0.0437824,0.544998,0.0479222,0.946582
2025-05-02 11:33:08,-0.507467,-0.416188,168.519,N_237082,LOC_3,GOAL,,-0.515105,-0.421036,169.216,0.00904615,0.697113,0.0337837,0.894767
2025-05-02 11:33:21,-2.80894,-0.0859973,170.987,N_225283,LOC_2,GOAL,BQR_CODE_NUM,-1
,-2.84766,-0.0776157,170.447,0.0396114,0.539897,0.0487038,0.947581
2025-05-02 11:33:49,-0.507784,-0.418334,168.486,N_237082,LOC_3,GOAL,,-0.515105,-0.421036,169.216,0.00780319,0.729294,0.0331446,0.890379
2025-05-02 11:34:02,-2.81108,-0.0871069,170.932,N_225283,LOC_2,GOAL,BQR_CODE_NUM,-1
,-2.84766,-0.0776157,170.447,0.0377914,0.484783,0.0489496,0.9406
2025-05-02 11:34:30,-0.50938,-0.415499,168.549,N_237082,LOC_3,GOAL,,-0.515105,-0.421036,169.216,0.00796344,0.666244,0.0335242,0.910138
2025-05-02 11:34:43,-2.81357,-0.0911348,171.006,N_225283,LOC_2,GOAL,BQR_CODE_NUM,-1
,-2.84766,-0.0776157,170.447,0.0366707,0.558525,0.050489,0.932905
2025-05-02 11:35:11,-0.502393,-0.418487,168.549,N_237082,LOC_3,GOAL,,-0.515105,-0.421036,169.216,0.0129651,0.666421,0.033746,0.912037
2025-05-02 11:35:24,-2.80914,-0.0896565,171.014,N_225283,LOC_2,GOAL,BQR_CODE_NUM,-1
,-2.84766,-0.0776157,170.447,0.0403596,0.566748,0.0495166,0.933178
2025-05-02 11:35:52,-0.506375,-0.413429,168.587,N_237082,LOC_3,GOAL,,-0.515105,-0.421036,169.216,0.0115789,0.628515,0.0325737,0.899002
2025-05-02 11:36:05,-2.8098,-0.0896239,170.996,N_225283,LOC_2,GOAL,BQR_CODE_NUM,-1
,-2.84766,-0.0776157,170.447,0.0397199,0.548289,0.0500528,0.931778
2025-05-02 11:36:33,-0.506699,-0.418314,168.506,N_237082,LOC_3,GOAL,,-0.515105,-0.421036,169.216,0.00883524,0.70927,0.0314785,0.921283
2025-05-02 11:36:46,-2.81009,-0.0905389,171.011,N_225283,LOC_2,GOAL,BQR_CODE_NUM,-1
,-2.84766,-0.0776157,170.447,0.0397262,0.563708,0.0506446,0.933528
2025-05-02 11:37:14,-0.510234,-0.417043,168.56,N_237082,LOC_3,GOAL,,-0.515105,-0.421036,169.216,0.00629749,0.655287,0.0342604,0.90388
2025-05-02 11:37:27,-2.81856,-0.0902618,171.058,N_225283,LOC_2,GOAL,BQR_CODE_NUM,-1
,-2.84766,-0.0776157,170.447,0.0317292,0.610804,0.0522121,0.934706
2025-05-02 11:37:55,-0.511759,-0.418569,168.64,N_237082,LOC_3,GOAL,,-0.515105,-0.421036,169.216,0.00415685,0.576067,0.0327903,0.928654
2025-05-02 11:38:08,-2.81628,-0.0911585,171.018,N_225283,LOC_2,GOAL,BQR_CODE_NUM,-1
,-2.84766,-0.0776157,170.447,0.0341785,0.570059,0.0506084,0.931977
2025-05-02 11:38:36,-0.511351,-0.415793,168.54,N_237082,LOC_3,GOAL,,-0.515105,-0.421036,169.216,0.00644745,0.676014,0.0335883,0.927536
2025-05-02 11:38:49,-2.81713,-0.0889794,171.017,N_225283,LOC_2,GOAL,BQR_CODE_NUM,-1
,-2.84766,-0.0776157,170.447,0.0325792,0.569869,0.050286,0.932174
2025-05-02 11:39:17,-0.50789,-0.418166,168.524,N_237082,LOC_3,GOAL,,-0.515105,-0.421036,169.216,0.00776467,0.69183,0.0342436,0.926759
2025-05-02 11:39:30,-2.81767,-0.0886632,171.06,N_225283,LOC_2,GOAL,BQR_CODE_NUM,-1
,-2.84766,-0.0776157,170.447,0.0319589,0.612974,0.0499707,0.92204
2025-05-02 11:39:58,-0.503874,-0.419873,168.528,N_237082,LOC_3,GOAL,,-0.515105,-0.421036,169.216,0.0112903,0.687232,0.034373,0.926352
2025-05-02 11:40:11,-2.81324,-0.0911403,171.019,N_225283,LOC_2,GOAL,BQR_CODE_NUM,-1
,-2.84766,-0.0776157,170.447,0.036978,0.571993,0.0509855,0.932362
2025-05-02 11:40:39,-0.51352,-0.417624,168.526,N_237082,LOC_3,GOAL,,-0.515105,-0.421036,169.216,0.00376196,0.689769,0.0331298,0.927095
2025-05-02 11:40:52,-2.81732,-0.090427,171.03,N_225283,LOC_2,GOAL,BQR_CODE_NUM,-1
,-2.84766,-0.0776157,170.447,0.0329322,0.582863,0.0504158,0.932401
2025-05-02 11:41:20,-0.516845,-0.415471,168.517,N_237082,LOC_3,GOAL,,-0.515105,-0.421036,169.216,0.00583002,0.698974,0.0332246,0.928367
2025-05-02 11:41:33,-2.81826,-0.0892672,171.166,N_225283,LOC_2,GOAL,BQR_CODE_NUM,-1
,-2.84766,-0.0776157,170.447,0.031625,0.718972,0.0491705,0.933062
2025-05-02 11:42:01,-0.51963,-0.416303,168.489,N_237082,LOC_3,GOAL,,-0.515105,-0.421036,169.216,0.00654779,0.72686,0.0327697,0.927787
2025-05-02 11:42:14,-2.8157,-0.0907978,171.018,N_225283,LOC_2,GOAL,BQR_CODE_NUM,-1
,-2.84766,-0.0776157,170.447,0.0345705,0.571001,0.0501817,0.931937
2025-05-02 11:42:42,-0.51316,-0.41756,168.593,N_237082,LOC_3,GOAL,,-0.515105,-0.421036,169.216,0.00398297,0.622209,0.0328039,0.926437
2025-05-02 11:42:57,-2.81859,-0.0905984,171.008,N_225283,LOC_2,GOAL,BQR_CODE_NUM,-1
,-2.84766,-0.0776157,170.447,0.0318343,0.561032,0.0500612,0.932362
2025-05-02 11:43:25,-0.504868,-0.421464,168.621,N_237082,LOC_3,GOAL,,-0.515105,-0.421036,169.216,0.0102459,0.594294,0.0352049,0.926815
2025-05-02 11:43:38,-2.8114,-0.0912783,170.998,N_225283,LOC_2,GOAL,BQR_CODE_NUM,-1
,-2.84766,-0.0776157,170.447,0.0387468,0.550403,0.0503602,0.932597
2025-05-02 11:44:06,-0.512681,-0.41584,168.52,N_237082,LOC_3,GOAL,,-0.515105,-0.421036,169.216,0.00573337,0.696006,0.0329273,0.926505
2025-05-02 11:44:19,-2.81493,-0.0903907,171.023,N_225283,LOC_2,GOAL,BQR_CODE_NUM,-1
,-2.84766,-0.0776157,170.447,0.035131,0.575972,0.0503434,0.933566
2025-05-02 11:44:47,-0.513141,-0.414922,168.523,N_237082,LOC_3,GOAL,,-0.515105,-0.421036,169.216,0.00642139,0.692969,0.033505,0.926885
2025-05-02 11:45:00,-2.81996,-0.0887397,170.951,N_225283,LOC_2,GOAL,BQR_CODE_NUM,-1
,-2.84766,-0.0776157,170.447,0.0298508,0.503851,0.0496275,0.932591
2025-05-02 11:45:28,-0.509743,-0.417515,168.517,N_237082,LOC_3,GOAL,,-0.515105,-0.421036,169.216,0.00641451,0.699181,0.033898,0.927461
2025-05-02 11:45:41,-2.81365,-0.0907658,171.025,N_225283,LOC_2,GOAL,BQR_CODE_NUM,-1
,-2.84766,-0.0776157,170.447,0.0364582,0.577226,0.050387,0.932519
2025-05-02 11:46:09,-0.508122,-0.416439,168.526,N_237082,LOC_3,GOAL,,-0.515105,-0.421036,169.216,0.00835984,0.690016,0.0337685,0.926437
2025-05-02 11:46:22,-2.81485,-0.0895533,171.015,N_225283,LOC_2,GOAL,BQR_CODE_NUM,-1
,-2.84766,-0.0776157,170.447,0.0349082,0.567368,0.0504746,0.930693
2025-05-02 11:46:50,-0.509695,-0.415297,168.593,N_237082,LOC_3,GOAL,,-0.515105,-0.421036,169.216,0.0078867,0.62264,0.0322143,0.888377
2025-05-02 11:47:03,-2.81622,-0.0908728,171.015,N_225283,LOC_2,GOAL,BQR_CODE_NUM,-1
,-2.84766,-0.0776157,170.447,0.0341149,0.567744,0.0500913,0.933023
2025-05-02 11:47:31,-0.507905,-0.414568,168.6,N_237082,LOC_3,GOAL,,-0.515105,-0.421036,169.216,0.00967788,0.615714,0.0298156,0.907085
2025-05-02 11:47:44,-2.81206,-0.0916952,170.943,N_225283,LOC_2,GOAL,BQR_CODE_NUM,-1
,-2.84766,-0.0776157,170.447,0.0382788,0.49508,0.050877,0.924927
